body,1
PhoneNumber,1
audio_file,1
user_id,1
download_start_time,1
download_end_time,1
meetinginfo,1
inreplyto,1
threadtopic,1
eventtimers,1
priority,1
androidmessageid,1
contenturi,1
introtext,1
longitude_e6,1
recipient_id,1
filePath,1
categories,1
IsDiscoverSnap,1
name,1
serialized_publish_data,1
event_data,1
video_stream_id,1
audio_stream_id,1
story_id,1
event_type,1
subscribed,1
TimeOfLastSendAttempt,1
VideoUri,1
messageid,1
fromlist,1
replytolist,1
snippet,1
eventstarttime,1
proposedstarttime,1
proposedendtime,1
proposetimefrommailrefmessageid,1
proposetimefrommailrefmessageuri,1
proposetimefrommailrsvp,1
proposetimefrommailproposedstarttime,1
proposetimefrommailproposedendtime,1
documentcontent_id,1
Document_id,1
user_account_id,1
messageClass,1
creationtime,1
corpus,1
sync_state,1
item_proto,1
sharedstoryid,1
start_date,1
recencytime,1
amount,1
currency_code,1
is_saved_by_sender,1
is_saved_by_recipient,1
is_saved_by_recipient,1
is_released_by_recipient,1
status_text,1
released_timestamp,1
snapid,1
mediaid,1
mediaurl,1
thumbnailurl,1
isviewed,1
isupdated,1
viewedtimestamp,1
serialized_story_data,1
serialized_publish_attempt_data,1
serialized_privacy_data,1
serialized_draft,1
value,1
userid,1
video_id,1
video_url,1
cash_amount,1
url,1
path,1
chat_message_id,1
lastModifiedTime,1
EventParameters,1
uploaded,1
modifiedbymetime,1
audio_url,1
tolist,1
cclist,1
bcclist,1
updated_timestamp,1
tag,1
conversation,1
sender_username,1
timeStamp,1
updated_timestamp,1
addedmetimestamp,1
latitude_e6,1
audio_url,1
duration,1
storygroups,1
storyid,1
senttimestamp,1
Time,1
textContent,1
conversationid,1
longitude,1
due_date,1
senderName,1
sender,1
DisplayTime,1
attachment,1
date,1
starttime,1
storygroupid,1
storysnapid,1
direction,1
text,1
eventSubject,1
alias,1
latitude,1
timestamp,1
fileName,1
uploadUri,1
SendStatus,1
video_file,1
Recipients,1
content,1
owner,1
message,1
payload,1
content_text,1
htmlUri,1
importance_type,1
dbFilePath,1
data,1
address,1
email,1
EndTime,1
title,1
uri,1
htmlcontent,1
htmlreply,1
textreply,1
start_date,1
reminder_time,1
filereference,1
cachedfile,1
synctime,1
eventuid,1
ranking_time,1
notification_type,1
target_time,1
refreshtime,1
contentpath,1
captiontext,1
emailAddress,1
dbFilePath,1
created_time,1
subject,1
cc_data,1
EventName,1
Timestamp,1
isFollowing,1
profile_picture_uri,1
recipient,1
location,1
notification,1
propertyName,1
username,1
previousName,1
publisher_name,1
event,1
docosUserDisplayName,1
has_links,1
documentId,1
eventEndTime,1
FilePath,1
Recipient,1
DisplayName,1
eventtimestamp,1
locale,0
_id,0
session_id,0
event_guid,0
seq,0
experimentname,0
assignedtreatment,0
version,0
treatments,0
holdoutexperimentname,0
hit_id,0
hit_time,0
hit_url,0
hit_string,0
hit_app_id,0
app_uid,0
cid,0
tid,0
params,0
adid,0
hits_count,0
id,0
created_on_utc,0
severity,0
key,0
type,0
event_id,0
event_size,0
message_id,0
message_url,0
message_body_url,0
message_read_url,0
extra,0
unread,0
unread_orig,0
deleted,0
raw_message_object,0
expiration_timestamp,0
host_name,0
opt_out,0
origin,0
description,0
estimated_size,0
offline_id,0
creation_time,0
file_size,0
last_access_time,0
access_count,0
system_download_id,0
file_missing_time,0
upgrade_attempt,0
client_namespace,0
client_id,0
online_url,0
file_path,0
original_url,0
request_origin,0
digest,0
state,0
generate_bundle_attempts,0
get_operation_attempts,0
download_initiation_attempts,0
archive_body_length,0
freshness_time,0
error_code,0
guid,0
requested_url,0
final_archived_url,0
operation_name,0
archive_body_name,0
quota_id,0
update_time,0
available_quota,0
request_id,0
activation_time,0
last_attempt_time,0
started_attempt_count,0
completed_attempt_count,0
last_event_reference,0
num_events,0
session_type,0
phone_id,0
session_start,0
last_timestamp,0
num_expected_responses,0
events,0
event_tag,0
stack,0
authority,0
root_id,0
mode,0
sortorder,0
package_name,0
external,0
account_name,0
account_type,0
color_type,0
color_index,0
color,0
_sync_id,0
dirty,0
mutators,0
calendar_displayname,0
calendar_color,0
calendar_color_index,0
calendar_access_level,0
visible,0
sync_events,0
calendar_location,0
calendar_timezone,0
owneraccount,0
isprimary,0
canorganizerrespond,0
canmodifytimezone,0
canpartiallyupdate,0
maxreminders,0
allowedreminders,0
allowedavailability,0
allowedattendeetypes,0
cal_sync1,0
cal_sync2,0
cal_sync3,0
cal_sync4,0
cal_sync5,0
cal_sync6,0
cal_sync7,0
cal_sync8,0
cal_sync9,0
cal_sync10,0
lastsynced,0
calendar_id,0
eventlocation,0
eventcolor,0
eventcolor_index,0
eventstatus,0
selfattendeestatus,0
dtstart,0
dtend,0
eventtimezone,0
allday,0
accesslevel,0
availability,0
hasalarm,0
hasextendedproperties,0
rrule,0
rdate,0
exrule,0
exdate,0
original_id,0
original_sync_id,0
originalinstancetime,0
originalallday,0
lastdate,0
hasattendeedata,0
guestscanmodify,0
guestscaninviteothers,0
guestscanseeguests,0
organizer,0
isorganizer,0
eventendtimezone,0
customapppackage,0
customappuri,0
uid2445,0
sync_data1,0
sync_data2,0
sync_data3,0
sync_data4,0
sync_data5,0
sync_data6,0
sync_data7,0
sync_data8,0
sync_data9,0
sync_data10,0
dtstart2445,0
dtend2445,0
originalinstancetime2445,0
lastdate2445,0
begin,0
