access,0
account,1
activation,2
address,3
amount,4
app,5
archive,6
archived,7
attempt,8
attempts,9
audio,10
available,11
body,12
bundle,13
by,14
cal,15
calendar,16
cash,17
cc,18
chat,19
class,20
client,21
code,22
color,23
completed,24
content,25
count,26
created,27
creation,28
currency,29
data,30
date,31
db,32
discover,33
display,34
displayname,35
docos,36
document,37
documentcontent,38
download,39
draft,40
due,41
e,42
email,43
end,44
error,45
estimated,46
event,47
eventcolor,48
events,49
expected,50
expiration,51
file,52
final,53
following,54
freshness,55
generate,56
get,57
guid,58
has,59
hit,60
hits,61
host,62
html,63
id,64
importance,65
index,66
initiation,67
is,68
item,69
last,70
latitude,71
length,72
level,73
links,74
location,75
longitude,76
message,77
missing,78
modified,79
name,80
namespace,81
notification,82
num,83
number,84
object,85
of,86
offline,87
on,88
online,89
operation,90
opt,91
orig,92
origin,93
original,94
out,95
package,96
parameters,97
path,98
phone,99
picture,100
previous,101
privacy,102
profile,103
property,104
proto,105
publish,106
publisher,107
quota,108
ranking,109
raw,110
read,111
recipient,112
recipients,113
reference,114
released,115
reminder,116
request,117
requested,118
responses,119
root,120
saved,121
send,122
sender,123
serialized,124
session,125
size,126
snap,127
stamp,128
start,129
started,130
state,131
status,132
story,133
stream,134
string,135
subject,136
sync,137
system,138
tag,139
target,140
text,141
time,142
timestamp,143
timezone,144
type,145
uid,146
unread,147
update,148
updated,149
upgrade,150
upload,151
uri,152
url,153
user,154
username,155
utc,156
video,157
