a,0
ability,1
able,2
about,3
acc,4
accept,5
access,6
account,7
acquire,8
action,9
activation,10
active,11
activity,12
actor,13
ad,14
adaptive,15
add,16
added,17
additional,18
address,19
admin,20
af,21
agent,22
aggregation,23
air,24
al,25
alarm,26
album,27
alert,28
algorithm,29
ali,30
alias,31
alium,32
all,33
allow,34
allowed,35
allows,36
alt,37
amc,38
amputated,39
an,40
analytics,41
and,42
android,43
animated,44
any,45
api,46
app,47
appear,48
application,49
applied,50
apps,51
archive,52
archived,53
artist,54
assets,55
assigned,56
assistant,57
associated,58
association,59
at,60
attach,61
attempt,62
attempts,63
attend,64
attendees,65
attribute,66
au,67
audience,68
audio,69
augmented,70
aut,71
authority,72
auto,73
automatic,74
automation,75
availability,76
available,77
avatar,78
b,79
back,80
backend,81
background,82
backup,83
base,84
batch,85
battery,86
bd,87
bf,88
bid,89
bind,90
bit,91
biz,92
bke,93
bl,94
black,95
blob,96
block,97
blocked,98
bms,99
body,100
boo,101
book,102
bookmark,103
bookmarks,104
box,105
boy,106
browser,107
btw,108
bu,109
bubble,110
bucket,111
bucketed,112
buckets,113
bugle,114
build,115
bump,116
bundle,117
burst,118
business,119
but,120
bx,121
by,122
bypass,123
bytes,124
c,125
cab,126
cache,127
cached,128
cal,129
calendar,130
call,131
camera,132
can,133
canon,134
capabilities,135
capability,136
capable,137
caption,138
capture,139
card,140
carrier,141
case,142
catch,143
category,144
caused,145
cd,146
center,147
cert,148
certificate,149
certified,150
change,151
changed,152
changes,153
channel,154
char,155
charging,156
chat,157
check,158
checksum,159
children,160
chip,161
chrome,162
cid,163
cl,164
class,165
cle,166
client,167
clip,168
clock,169
close,170
cloud,171
cluster,172
clustering,173
co,174
code,175
coded,176
col,177
cold,178
collaborative,179
collapsed,180
collection,181
color,182
colors,183
com,184
commands,185
comment,186
comments,187
committed,188
compact,189
complete,190
completed,191
components,192
compose,193
composer,194
composition,195
compressed,196
con,197
conf,198
config,199
configuration,200
conflict,201
connect,202
connectivity,203
contact,204
contacts,205
content,206
context,207
contributor,208
control,209
conversation,210
conversion,211
conversions,212
cookie,213
copy,214
copyrights,215
corpus,216
correlation,217
cos,218
count,219
counter,220
country,221
cover,222
cpu,223
cq,224
create,225
created,226
creation,227
creator,228
crop,229
cung,230
current,231
cursor,232
custom,233
customer,234
cy,235
cz,236
czy,237
d,238
daily,239
data,240
databases,241
date,242
day,243
days,244
db,245
decay,246
ded,247
def,248
default,249
delete,250
deleted,251
delivery,252
delta,253
deltas,254
depth,255
desc,256
description,257
designation,258
desired,259
desktop,260
destination,261
detection,262
detectors,263
dev,264
device,265
dew,266
dhoti,267
dial,268
dic,269
dictionary,270
did,271
digest,272
digits,273
dir,274
direction,275
dirty,276
disabled,277
disallow,278
discovered,279
disk,280
dismiss,281
dismissed,282
dispatch,283
display,284
dj,285
dl,286
dm,287
dna,288
dns,289
do,290
doc,291
docs,292
document,293
domain,294
dominos,295
download,296
downloadable,297
downloaded,298
downloads,299
dr,300
draft,301
drive,302
drm,303
drop,304
dt,305
due,306
duration,307
during,308
dv,309
dvb,310
dx,311
dynamic,312
dz,313
e,314
ed,315
edge,316
edit,317
edited,318
edition,319
editor,320
editors,321
eg,322
eid,323
ek,324
el,325
eligible,326
en,327
enabled,328
encoded,329
encryption,330
end,331
energy,332
enforced,333
enrichment,334
enterprise,335
entities,336
entity,337
entry,338
envelope,339
eo,340
er,341
ero,342
err,343
error,344
estimated,345
event,346
events,347
ever,348
ex,349
exact,350
execution,351
existing,352
exists,353
expected,354
experiment,355
experiments,356
expiration,357
expire,358
expired,359
expires,360
expiry,361
export,362
exposure,363
ext,364
extend,365
extended,366
extension,367
external,368
extra,369
extraction,370
extras,371
f,372
fa,373
fab,374
face,375
facebook,376
faf,377
fail,378
failed,379
failures,380
fallback,381
families,382
fandango,383
fast,384
fatigue,385
favorite,386
favorites,387
fbi,388
feature,389
featured,390
features,391
feed,392
feedback,393
fetch,394
fetched,395
fh,396
fi,397
field,398
fields,399
file,400
filename,401
filling,402
filter,403
final,404
fingerprint,405
fire,406
first,407
flag,408
flags,409
flex,410
float,411
flow,412
fm,413
focal,414
folder,415
font,416
fonts,417
for,418
force,419
foreground,420
forerunner,421
forever,422
format,423
formatted,424
forward,425
frame,426
free,427
frequency,428
freshness,429
from,430
fv,431
g,432
gaia,433
game,434
games,435
gcs,436
gender,437
generate,438
generated,439
genoa,440
genre,441
geo,442
gesture,443
get,444
gf,445
gid,446
gl,447
global,448
gmt,449
go,450
goal,451
google,452
gra,453
grade,454
grammar,455
graph,456
grids,457
group,458
guests,459
gui,460
gw,461
gy,462
h,463
had,464
has,465
hash,466
he,467
header,468
headers,469
health,470
height,471
hh,472
hidden,473
hide,474
highlight,475
hint,476
his,477
hit,478
hits,479
hl,480
hm,481
hn,482
ho,483
holder,484
host,485
http,486
hub,487
i,488
icon,489
iconic,490
id,491
identifier,492
identity,493
idl,494
idle,495
ids,496
if,497
ig,498
ignored,499
image,500
imagelink,501
implicit,502
impressions,503
in,504
include,505
increment,506
index,507
individual,508
info,509
initial,510
initiation,511
ink,512
inline,513
install,514
installed,515
instance,516
integrity,517
intent,518
interactive,519
interfaces,520
internal,521
interval,522
invalid,523
invalidated,524
invalidation,525
invite,526
is,527
iso,528
it,529
item,530
items,531
iv,532
ix,533
iz,534
j,535
jj,536
jk,537
job,538
jobs,539
joined,540
journal,541
jouy,542
json,543
jtg,544
k,545
kart,546
katana,547
ke,548
kernel,549
key,550
keys,551
keywords,552
kg,553
kind,554
kit,555
kl,556
ko,557
kp,558
l,559
la,560
label,561
language,562
largest,563
last,564
latest,565
lb,566
lbs,567
least,568
leaves,569
legacy,570
length,571
lens,572
let,573
level,574
library,575
license,576
lid,577
life,578
lifespan,579
lifetime,580
liger,581
lightweight,582
like,583
limit,584
ling,585
link,586
linked,587
list,588
listed,589
live,590
local,591
locale,592
locally,593
location,594
lock,595
locked,596
log,597
logging,598
login,599
loo,600
lookup,601
low,602
luke,603
lv,604
lw,605
lz,606
m,607
machine,608
magic,609
mail,610
make,611
mam,612
manage,613
managed,614
manager,615
manifest,616
manually,617
map,618
mapping,619
maps,620
mask,621
match,622
max,623
mc,624
md,625
mds,626
me,627
measurement,628
media,629
member,630
members,631
memory,632
message,633
messages,634
messaging,635
messenger,636
meta,637
metadata,638
meter,639
method,640
metrics,641
mev,642
mex,643
mf,644
micro,645
microseconds,646
mid,647
mill,648
mime,649
min,650
mini,651
minimum,652
missing,653
mk,654
mm,655
mobile,656
mod,657
mode,658
model,659
modification,660
modified,661
modifier,662
modify,663
moji,664
monitor,665
montage,666
month,667
mop,668
most,669
move,670
mp,671
mr,672
ms,673
msc,674
msg,675
msp,676
multi,677
multiple,678
music,679
mut,680
mutation,681
mutations,682
mutt,683
my,684
n,685
nal,686
name,687
named,688
namespace,689
nation,690
native,691
nb,692
nba,693
nebula,694
need,695
needed,696
needs,697
net,698
network,699
new,700
news,701
next,702
ng,703
ngc,704
nhl,705
nick,706
nid,707
nj,708
nk,709
no,710
non,711
normal,712
normalized,713
not,714
note,715
notebook,716
notification,717
notifications,718
null,719
num,720
number,721
numerical,722
nw,723
ny,724
nz,725
o,726
oauth,727
object,728
obsolete,729
occupied,730
ocs,731
oe,732
oem,733
off,734
offer,735
offline,736
offset,737
oh,738
oj,739
old,740
omni,741
on,742
online,743
only,744
open,745
opened,746
operation,747
opt,748
optimistic,749
option,750
or,751
orbit,752
orca,753
order,754
ordered,755
ordering,756
organization,757
orientation,758
orig,759
origin,760
original,761
ot,762
ota,763
other,764
out,765
outbound,766
outdated,767
output,768
outside,769
override,770
owned,771
owner,772
p,773
pack,774
package,775
padding,776
pag,777
page,778
pages,779
palette,780
param,781
parameter,782
parameters,783
params,784
parent,785
parma,786
part,787
partial,788
partially,789
participant,790
partition,791
partner,792
patch,793
path,794
paused,795
pay,796
payload,797
pb,798
pc,799
pdf,800
pe,801
pending,802
periodic,803
permission,804
permissions,805
persisted,806
pet,807
pf,808
phenotype,809
phone,810
phonetic,811
photo,812
photos,813
picasa,814
pick,815
ping,816
pinned,817
pivot,818
pizza,819
pk,820
pl,821
placeholder,822
platform,823
play,824
playlist,825
plugin,826
plus,827
podcast,828
policy,829
pool,830
port,831
portrait,832
pos,833
position,834
post,835
posts,836
power,837
pp,838
pq,839
prank,840
pre,841
predicate,842
pref,843
preference,844
preferences,845
prefix,846
presence,847
presentation,848
preserving,849
preview,850
previews,851
previous,852
primary,853
principal,854
print,855
priority,856
private,857
privilege,858
procedure,859
process,860
processing,861
profile,862
progress,863
promoted,864
properties,865
property,866
props,867
proto,868
protocol,869
provenance,870
provider,871
providers,872
proxy,873
ps,874
pu,875
public,876
published,877
purchase,878
push,879
pw,880
q,881
qc,882
qd,883
qds,884
qe,885
qi,886
ql,887
qm,888
qo,889
qp,890
qq,891
qr,892
qs,893
qt,894
quality,895
query,896
queue,897
quota,898
r,899
radio,900
rae,901
random,902
ranking,903
rate,904
raw,905
rb,906
rcs,907
rd,908
re,909
reach,910
reaction,911
read,912
ready,913
real,914
realtime,915
reason,916
rec,917
receive,918
received,919
recent,920
recipient,921
recognition,922
recommend,923
recommended,924
record,925
recoverable,926
recursive,927
ref,928
refer,929
reference,930
referenced,931
refresh,932
refund,933
region,934
release,935
relevance,936
reminders,937
remote,938
remove,939
rename,940
rendered,941
report,942
request,943
requested,944
required,945
requirements,946
requires,947
rer,948
res,949
reserve,950
reset,951
resolution,952
response,953
responses,954
restricted,955
restriction,956
restrictions,957
result,958
results,959
resume,960
retrieved,961
retry,962
revision,963
revisions,964
rgb,965
rich,966
ring,967
roaming,968
root,969
roots,970
rotation,971
row,972
rt,973
rule,974
run,975
runs,976
rw,977
s,978
same,979
sample,980
sandbox,981
saved,982
scanned,983
scene,984
schedule,985
scheduled,986
scheduler,987
scheme,988
score,989
scores,990
scout,991
search,992
sec,993
second,994
seconds,995
see,996
seen,997
self,998
send,999
sender,1000
sent,1001
seon,1002
separately,1003
seq,1004
sequence,1005
ser,1006
serialized,1007
server,1008
service,1009
serving,1010
session,1011
set,1012
sets,1013
setting,1014
settings,1015
severity,1016
sha,1017
shades,1018
shadow,1019
shard,1020
share,1021
shared,1022
sharing,1023
shiny,1024
shop,1025
short,1026
shortcut,1027
shortcuts,1028
should,1029
show,1030
showcase,1031
shown,1032
sid,1033
side,1034
sign,1035
signal,1036
signature,1037
size,1038
skips,1039
sko,1040
sms,1041
snapshot,1042
snippet,1043
so,1044
socks,1045
sort,1046
sound,1047
source,1048
souvenirs,1049
sov,1050
sp,1051
space,1052
spec,1053
special,1054
specific,1055
sphere,1056
split,1057
st,1058
stack,1059
stage,1060
stamp,1061
starred,1062
start,1063
started,1064
starts,1065
stash,1066
stat,1067
state,1068
status,1069
std,1070
sticker,1071
stickers,1072
still,1073
stop,1074
storage,1075
store,1076
stored,1077
story,1078
storyboard,1079
stream,1080
strict,1081
string,1082
style,1083
sub,1084
subject,1085
subkey,1086
subs,1087
subscribe,1088
subscribed,1089
subscribers,1090
subscription,1091
subsystem,1092
succ,1093
success,1094
suggest,1095
suggested,1096
suggestion,1097
suggestions,1098
sui,1099
sum,1100
summary,1101
super,1102
support,1103
supported,1104
supports,1105
suppress,1106
switch,1107
sync,1108
system,1109
sz,1110
t,1111
table,1112
tag,1113
tags,1114
tai,1115
taken,1116
takeover,1117
target,1118
task,1119
tatu,1120
td,1121
te,1122
team,1123
ted,1124
tele,1125
template,1126
temporary,1127
ten,1128
tertiary,1129
text,1130
th,1131
third,1132
thread,1133
threat,1134
threshold,1135
thro,1136
thumb,1137
thumbnail,1138
tid,1139
time,1140
timed,1141
timeline,1142
timer,1143
times,1144
timestamp,1145
timezone,1146
tiny,1147
title,1148
to,1149
token,1150
tokens,1151
tone,1152
topic,1153
total,1154
touch,1155
tr,1156
trace,1157
track,1158
tracking,1159
transaction,1160
transcription,1161
transferred,1162
transient,1163
transition,1164
transitions,1165
trash,1166
trashed,1167
tray,1168
treatment,1169
treatments,1170
tree,1171
trial,1172
trigger,1173
triggered,1174
trusted,1175
truth,1176
ts,1177
tt,1178
ttl,1179
tua,1180
tv,1181
tx,1182
ty,1183
type,1184
types,1185
u,1186
uc,1187
ud,1188
udp,1189
ue,1190
uea,1191
un,1192
under,1193
ungrouped,1194
uninstall,1195
unique,1196
unit,1197
units,1198
unseen,1199
until,1200
up,1201
update,1202
updated,1203
updates,1204
upgrade,1205
upload,1206
uploaded,1207
uploading,1208
uri,1209
url,1210
usage,1211
used,1212
user,1213
users,1214
uses,1215
usn,1216
ut,1217
utc,1218
v,1219
val,1220
valid,1221
value,1222
ve,1223
vector,1224
vending,1225
verdict,1226
verification,1227
verified,1228
verify,1229
version,1230
via,1231
vibration,1232
video,1233
videos,1234
view,1235
viewed,1236
viewer,1237
visibility,1238
visible,1239
voice,1240
vr,1241
vs,1242
w,1243
wake,1244
wallet,1245
warm,1246
warning,1247
warp,1248
wb,1249
weak,1250
web,1251
weg,1252
weight,1253
wi,1254
width,1255
window,1256
wireless,1257
with,1258
words,1259
work,1260
woz,1261
write,1262
writer,1263
wtf,1264
wu,1265
wv,1266
ww,1267
x,1268
xi,1269
xj,1270
xo,1271
xs,1272
xter,1273
xu,1274
y,1275
yd,1276
ye,1277
year,1278
yi,1279
yoh,1280
yr,1281
ys,1282
yy,1283
z,1284
zd,1285
zoa,1286
